Album_Points,Voter_id
15,1
14,1
13,1
12,1
11,1
9,1
8,1
7,1
6,1
5,1
19,2
14,2
12,2
11,2
10,2
9,2
8,2
6,2
6,2
5,2
10,3
10,3
10,3
10,3
10,3
10,3
10,3
10,3
10,3
10,3
10,4
10,4
10,4
10,4
10,4
10,4
10,4
10,4
10,4
10,4
20,5
10,5
10,5
10,5
10,5
10,5
10,5
10,5
5,5
5,5
15,6
15,6
15,6
15,6
10,6
10,6
5,6
5,6
5,6
5,6
25,7
20,7
10,7
10,7
10,7
5,7
5,7
5,7
5,7
5,7
10,8
10,8
10,8
10,8
10,8
10,8
10,8
10,8
10,8
10,8
10,9
10,9
10,9
10,9
10,9
10,9
10,9
10,9
10,9
10,9
10,10
10,10
10,10
10,10
10,10
10,10
10,10
10,10
10,10
10,10
10,11
10,11
10,11
10,11
10,11
10,11
10,11
10,11
10,11
10,11
10,12
10,12
10,12
10,12
10,12
10,12
10,12
10,12
10,12
10,12
10,13
10,13
10,13
10,13
10,13
10,13
10,13
10,13
10,13
10,13
20,14
20,14
15,14
15,14
5,14
5,14
5,14
5,14
5,14
5,14
18,15
12,15
12,15
11,15
10,15
9,15
8,15
8,15
6,15
6,15
25,16
15,16
15,16
10,16
10,16
5,16
5,16
5,16
5,16
5,16
30,17
20,17
15,17
5,17
5,17
5,17
5,17
5,17
5,17
5,17
10,18
10,18
10,18
10,18
10,18
10,18
10,18
10,18
10,18
10,18
10,19
10,19
10,19
10,19
10,19
10,19
10,19
10,19
10,19
10,19
20,20
15,20
15,20
15,20
10,20
5,20
5,20
5,20
5,20
5,20
25,21
15,21
10,21
10,21
10,21
10,21
5,21
5,21
5,21
5,21
30,22
10,22
10,22
10,22
10,22
10,22
5,22
5,22
5,22
5,22
10,23
10,23
10,23
10,23
10,23
10,23
10,23
10,23
10,23
10,23
14,24
11,24
11,24
10,24
9,24
9,24
9,24
9,24
9,24
9,24
10,25
10,25
10,25
10,25
10,25
10,25
10,25
10,25
10,25
10,25
16,26
14,26
12,26
10,26
8,26
8,26
8,26
8,26
8,26
8,26
20,27
15,27
15,27
8,27
8,27
8,27
8,27
8,27
5,27
5,27
15,28
14,28
13,28
12,28
11,28
9,28
8,28
7,28
6,28
5,28
20,29
20,29
15,29
10,29
10,29
5,29
5,29
5,29
5,29
5,29
10,30
10,30
10,30
10,30
10,30
10,30
10,30
10,30
10,30
10,30
30,31
30,31
5,31
5,31
5,31
5,31
5,31
5,31
5,31
5,31
15,32
15,32
10,32
10,32
10,32
10,32
10,32
10,32
5,32
5,32
30,33
20,33
10,33
10,33
5,33
5,33
5,33
5,33
5,33
5,33
20,34
20,34
10,34
10,34
10,34
10,34
5,34
5,34
5,34
5,34
14,35
14,35
12,35
12,35
10,35
9,35
9,35
8,35
7,35
5,35
20,36
15,36
15,36
10,36
10,36
10,36
5,36
5,36
5,36
5,36
15,37
15,37
15,37
10,37
10,37
10,37
10,37
5,37
5,37
5,37
15,38
12,38
12,38
12,38
12,38
10,38
8,38
7,38
7,38
5,38
10,39
10,39
10,39
10,39
10,39
10,39
10,39
10,39
10,39
10,39
25,40
15,40
15,40
10,40
10,40
5,40
5,40
5,40
5,40
5,40
20,41
20,41
20,41
10,41
5,41
5,41
5,41
5,41
5,41
5,41
10,42
10,42
10,42
10,42
10,42
10,42
10,42
10,42
10,42
10,42
15,43
15,43
10,43
10,43
10,43
10,43
10,43
10,43
5,43
5,43
10,44
10,44
10,44
10,44
10,44
10,44
10,44
10,44
10,44
10,44
18,45
14,45
14,45
8,45
8,45
8,45
8,45
8,45
7,45
7,45
10,46
10,46
10,46
10,46
10,46
10,46
10,46
10,46
10,46
10,46
14,47
12,47
12,47
11,47
11,47
10,47
10,47
8,47
7,47
5,47
10,48
10,48
10,48
10,48
10,48
10,48
10,48
10,48
10,48
10,48
16,49
14,49
13,49
11,49
11,49
9,49
8,49
7,49
6,49
5,49
10,50
10,50
10,50
10,50
10,50
10,50
10,50
10,50
10,50
10,50
10,51
10,51
10,51
10,51
10,51
10,51
10,51
10,51
10,51
10,51
15,52
10,52
10,52
10,52
10,52
10,52
10,52
10,52
10,52
5,52
17,53
15,53
12,53
12,53
11,53
10,53
7,53
6,53
5,53
5,53
10,54
10,54
10,54
10,54
10,54
10,54
10,54
10,54
10,54
10,54
15,55
10,55
10,55
10,55
10,55
10,55
10,55
10,55
10,55
5,55
30,56
25,56
10,56
5,56
5,56
5,56
5,56
5,56
5,56
5,56
15,57
14,57
13,57
12,57
11,57
10,57
7,57
7,57
6,57
5,57
25,58
15,58
15,58
10,58
10,58
5,58
5,58
5,58
5,58
5,58
20,59
15,59
13,59
12,59
10,59
8,59
7,59
5,59
5,59
5,59
20,60
15,60
10,60
10,60
10,60
10,60
8,60
7,60
5,60
5,60
30,61
20,61
10,61
10,61
5,61
5,61
5,61
5,61
5,61
5,61
30,62
20,62
10,62
10,62
5,62
5,62
5,62
5,62
5,62
5,62
10,63
10,63
10,63
10,63
10,63
10,63
10,63
10,63
10,63
10,63
10,64
10,64
10,64
10,64
10,64
10,64
10,64
10,64
10,64
10,64
17,65
16,65
14,65
11,65
10,65
9,65
8,65
5,65
5,65
5,65
20,66
16,66
8,66
8,66
8,66
8,66
8,66
8,66
8,66
8,66
12,67
12,67
12,67
12,67
12,67
8,67
8,67
8,67
8,67
8,67
15,68
15,68
15,68
10,68
10,68
10,68
10,68
5,68
5,68
5,68
10,69
10,69
10,69
10,69
10,69
10,69
10,69
10,69
10,69
10,69
10,70
10,70
10,70
10,70
10,70
10,70
10,70
10,70
10,70
10,70
15,71
14,71
13,71
12,71
11,71
9,71
8,71
7,71
6,71
5,71
15,72
14,72
12,72
12,72
10,72
10,72
8,72
8,72
6,72
5,72
30,73
20,73
15,73
5,73
5,73
5,73
5,73
5,73
5,73
5,73
10,74
10,74
10,74
10,74
10,74
10,74
10,74
10,74
10,74
10,74
30,75
20,75
10,75
10,75
5,75
5,75
5,75
5,75
5,75
5,75
20,76
15,76
13,76
12,76
10,76
7,76
7,76
6,76
5,76
5,76
20,77
15,77
15,77
10,77
10,77
10,77
5,77
5,77
15,78
15,78
10,78
10,78
10,78
10,78
10,78
10,78
5,78
5,78
10,79
10,79
10,79
10,79
10,79
10,79
10,79
10,79
10,79
10,79
20,80
15,80
13,80
10,80
10,80
8,80
7,80
6,80
6,80
5,80
20,81
20,81
10,81
10,81
10,81
6,81
6,81
6,81
6,81
6,81
10,82
10,82
10,82
10,82
10,82
10,82
10,82
10,82
10,82
10,82
20,83
20,83
15,83
15,83
5,83
5,83
5,83
5,83
5,83
5,83
11,84
11,84
10,84
10,84
10,84
10,84
10,84
10,84
9,84
9,84
15,85
15,85
10,85
10,85
10,85
10,85
10,85
10,85
5,85
5,85
16,86
15,86
13,86
11,86
10,86
9,86
8,86
7,86
6,86
5,86
15,87
14,87
12,87
12,87
11,87
9,87
9,87
7,87
6,87
5,87
20,88
15,88
10,88
10,88
10,88
10,88
10,88
5,88
5,88
5,88
20,89
18,89
12,89
10,89
9,89
8,89
7,89
6,89
5,89
5,89
15,90
14,90
13,90
12,90
11,90
9,90
8,90
7,90
6,90
5,90
10,91
10,91
10,91
10,91
10,91
10,91
10,91
10,91
10,91
10,91
20,92
18,92
16,92
16,92
5,92
5,92
5,92
5,92
5,92
5,92
17,93
15,93
11,93
11,93
9,93
8,93
8,93
7,93
7,93
7,93
30,94
12,94
11,94
10,94
9,94
7,94
6,94
5,94
5,94
5,94
16,95
16,95
13,95
13,95
13,95
9,95
5,95
5,95
5,95
5,95
30,96
14,96
11,96
9,96
8,96
7,96
6,96
5,96
5,96
5,96
12,97
12,97
12,97
10,97
10,97
10,97
10,97
8,97
8,97
8,97
20,98
15,98
15,98
10,98
10,98
10,98
5,98
5,98
5,98
5,98
18,99
15,99
12,99
10,99
10,99
9,99
8,99
7,99
6,99
5,99
16,100
16,100
15,100
11,100
11,100
11,100
5,100
5,100
5,100
5,100
15,101
14,101
13,101
10,101
10,101
10,101
8,101
8,101
6,101
6,101
15,102
15,102
15,102
10,102
10,102
10,102
10,102
15,103
14,103
13,103
12,103
11,103
9,103
8,103
7,103
6,103
5,103
10,104
10,104
10,104
10,104
10,104
10,104
10,104
10,104
10,104
10,104
30,105
10,105
10,105
10,105
10,105
10,105
5,105
5,105
5,105
5,105
12,106
12,106
12,106
12,106
10,106
9,106
9,106
8,106
8,106
8,106
10,107
10,107
10,107
10,107
10,107
10,107
10,107
10,107
10,107
10,107
16,108
13,108
11,108
10,108
10,108
8,108
8,108
8,108
8,108
8,108
15,109
15,109
10,109
10,109
10,109
10,109
10,109
10,109
5,109
5,109
20,110
15,110
15,110
10,110
10,110
10,110
5,110
5,110
5,110
5,110
15,111
13,111
12,111
12,111
11,111
10,111
8,111
7,111
7,111
5,111
10,112
10,112
10,112
10,112
10,112
10,112
10,112
10,112
10,112
10,112
15,113
15,113
15,113
10,113
10,113
10,113
10,113
5,113
5,113
5,113
17,114
15,114
14,114
12,114
11,114
8,114
7,114
6,114
5,114
5,114
25,115
20,115
10,115
10,115
10,115
5,115
5,115
5,115
5,115
5,115
30,116
25,116
10,116
5,116
5,116
5,116
5,116
5,116
5,116
10,117
10,117
10,117
10,117
10,117
10,117
10,117
10,117
10,117
10,117
30,118
25,118
10,118
5,118
5,118
5,118
5,118
5,118
5,118
5,118
10,119
10,119
10,119
10,119
10,119
10,119
10,119
10,119
10,119
10,119
15,120
14,120
13,120
12,120
11,120
9,120
8,120
7,120
6,120
5,120
14,121
13,121
12,121
10,121
10,121
10,121
9,121
9,121
7,121
6,121
15,122
14,122
13,122
12,122
11,122
9,122
8,122
7,122
6,122
5,122
10,123
10,123
10,123
10,123
10,123
10,123
10,123
10,123
10,123
10,123
10,124
10,124
10,124
10,124
10,124
10,124
10,124
10,124
10,124
10,124
30,125
20,125
10,125
10,125
5,125
5,125
5,125
5,125
5,125
5,125
10,126
10,126
10,126
10,126
10,126
10,126
10,126
10,126
10,126
10,126
10,127
10,127
10,127
10,127
10,127
10,127
10,127
10,127
10,127
10,127
15,128
15,128
10,128
10,128
10,128
10,128
10,128
10,128
5,128
5,128
15,129
14,129
13,129
12,129
11,129
9,129
8,129
7,129
6,129
5,129
10,130
10,130
10,130
10,130
10,130
10,130
10,130
10,130
10,130
10,130
25,131
20,131
20,131
5,131
5,131
5,131
5,131
5,131
5,131
5,131
30,132
15,132
15,132
10,132
5,132
5,132
5,132
5,132
5,132
5,132
17,133
15,133
14,133
11,133
10,133
9,133
8,133
6,133
5,133
5,133
10,134
10,134
10,134
10,134
10,134
10,134
10,134
10,134
10,134
10,134
10,135
10,135
10,135
10,135
10,135
10,135
10,135
10,135
10,135
10,135
20,136
15,136
10,136
10,136
10,136
10,136
10,136
5,136
5,136
5,136
10,137
10,137
10,137
10,137
10,137
10,137
10,137
10,137
10,137
10,137
10,138
10,138
10,138
10,138
10,138
10,138
10,138
10,138
10,138
10,138
30,139
15,139
10,139
9,139
8,139
7,139
6,139
5,139
5,139
5,139
20,140
15,140
15,140
10,140
10,140
10,140
5,140
5,140
5,140
5,140
10,141
10,141
10,141
10,141
10,141
10,141
10,141
10,141
10,141
10,141
20,142
15,142
15,142
10,142
10,142
10,142
5,142
5,142
5,142
5,142
10,143
10,143
10,143
10,143
10,143
10,143
10,143
10,143
10,143
10,143
15,144
15,144
15,144
10,144
10,144
10,144
10,144
5,144
5,144
5,144
15,145
15,145
15,145
10,145
10,145
10,145
10,145
5,145
5,145
5,145
18,146
16,146
15,146
15,146
6,146
6,146
6,146
6,146
6,146
6,146
10,147
10,147
10,147
10,147
10,147
10,147
10,147
10,147
10,147
10,147
10,148
10,148
10,148
10,148
10,148
10,148
10,148
10,148
10,148
10,148
17,149
15,149
12,149
11,149
10,149
9,149
8,149
7,149
6,149
5,149
10,150
10,150
10,150
10,150
10,150
10,150
10,150
10,150
10,150
10,150
15,151
10,151
10,151
10,151
10,151
10,151
10,151
10,151
10,151
5,151
10,152
10,152
10,152
10,152
10,152
10,152
10,152
10,152
10,152
10,152
10,153
10,153
10,153
10,153
10,153
10,153
10,153
10,153
10,153
10,153
10,154
10,154
10,154
10,154
10,154
10,154
10,154
10,154
10,154
10,154
10,155
10,155
10,155
10,155
10,155
10,155
10,155
10,155
10,155
10,155
10,156
10,156
10,156
10,156
10,156
10,156
10,156
10,156
10,156
10,156
15,157
15,157
10,157
10,157
10,157
10,157
10,157
10,157
5,157
5,157
10,158
10,158
10,158
10,158
10,158
10,158
10,158
10,158
10,158
10,158
30,159
10,159
10,159
10,159
10,159
10,159
5,159
5,159
5,159
5,159
15,160
15,160
10,160
10,160
10,160
10,160
10,160
10,160
5,160
5,160
20,161
15,161
15,161
10,161
10,161
10,161
5,161
5,161
5,161
5,161
15,162
14,162
13,162
12,162
11,162
9,162
8,162
7,162
6,162
5,162
15,163
14,163
13,163
12,163
11,163
9,163
8,163
7,163
6,163
5,163
15,164
15,164
15,164
10,164
10,164
10,164
10,164
5,164
5,164
5,164
15,165
15,165
10,165
10,165
10,165
10,165
10,165
10,165
5,165
5,165
25,166
20,166
20,166
5,166
5,166
5,166
5,166
5,166
5,166
5,166
20,167
10,167
10,167
10,167
10,167
10,167
10,167
10,167
5,167
5,167
10,168
10,168
10,168
10,168
10,168
10,168
10,168
10,168
10,168
10,168
10,169
10,169
10,169
10,169
10,169
10,169
10,169
10,169
10,169
10,169
15,170
15,170
15,170
15,170
15,170
10,171
10,171
10,171
10,171
10,171
10,171
10,171
10,171
10,171
10,171
10,172
10,172
10,172
10,172
10,172
10,172
10,172
10,172
10,172
10,172
10,173
10,173
10,173
10,173
10,173
10,173
10,173
10,173
10,173
10,173
20,174
20,174
10,174
10,174
10,174
10,174
5,174
5,174
5,174
5,174
10,175
10,175
10,175
10,175
10,175
10,175
10,175
10,175
10,175
10,175
20,176
20,176
15,176
10,176
10,176
5,176
5,176
5,176
5,176
5,176
15,177
15,177
12,177
12,177
10,177
10,177
8,177
8,177
5,177
5,177
15,178
15,178
10,178
10,178
10,178
10,178
10,178
10,178
5,178
5,178
10,179
10,179
10,179
10,179
10,179
10,179
10,179
10,179
10,179
10,179
15,180
14,180
13,180
12,180
11,180
10,180
8,180
7,180
5,180
5,180
16,181
14,181
13,181
11,181
11,181
9,181
8,181
7,181
6,181
5,181
20,182
15,182
15,182
10,182
10,182
10,182
5,182
5,182
5,182
5,182
15,183
14,183
13,183
12,183
11,183
9,183
8,183
7,183
6,183
5,183
20,184
16,184
12,184
11,184
10,184
7,184
7,184
6,184
6,184
5,184
25,185
20,185
10,185
10,185
10,185
5,185
5,185
5,185
5,185
5,185
10,186
10,186
10,186
10,186
10,186
10,186
10,186
10,186
10,186
10,186
15,187
13,187
12,187
11,187
10,187
9,187
9,187
8,187
7,187
6,187
20,188
13,188
12,188
11,188
10,188
9,188
8,188
7,188
5,188
5,188
20,189
20,189
10,189
10,189
10,189
10,189
5,189
5,189
5,189
5,189
10,190
10,190
10,190
10,190
10,190
10,190
10,190
10,190
10,190
10,190
25,191
15,191
15,191
15,191
5,191
5,191
5,191
5,191
5,191
5,191
17,192
14,192
13,192
11,192
10,192
9,192
8,192
7,192
6,192
5,192
17,193
15,193
12,193
11,193
10,193
9,193
8,193
7,193
6,193
5,193
10,194
10,194
10,194
10,194
10,194
10,194
10,194
10,194
10,194
10,194
25,195
15,195
15,195
10,195
10,195
5,195
5,195
5,195
5,195
5,195
10,196
10,196
10,196
10,196
10,196
10,196
10,196
10,196
10,196
10,196
30,197
30,197
5,197
5,197
5,197
5,197
5,197
5,197
5,197
5,197
15,198
13,198
12,198
10,198
9,198
9,198
9,198
8,198
8,198
7,198
10,199
10,199
10,199
10,199
10,199
10,199
10,199
10,199
10,199
10,199
10,200
10,200
10,200
10,200
10,200
10,200
10,200
10,200
10,200
10,200
10,201
10,201
10,201
10,201
10,201
10,201
10,201
10,201
10,201
10,201
25,202
14,202
11,202
10,202
9,202
8,202
7,202
6,202
5,202
5,202
12,203
12,203
12,203
12,203
12,203
12,203
10,203
6,203
6,203
6,203
20,204
20,204
10,204
10,204
10,204
10,204
5,204
5,204
5,204
5,204
30,205
15,205
10,205
10,205
10,205
5,205
5,205
5,205
5,205
5,205
15,206
14,206
13,206
12,206
11,206
9,206
8,206
7,206
6,206
5,206
15,207
14,207
13,207
12,207
11,207
9,207
8,207
7,207
6,207
5,207
18,208
15,208
15,208
10,208
10,208
10,208
7,208
5,208
5,208
5,208
10,209
10,209
10,209
10,209
10,209
10,209
10,209
10,209
10,209
10,209
28,210
24,210
6,210
6,210
6,210
6,210
6,210
6,210
6,210
6,210
20,211
15,211
10,211
10,211
10,211
10,211
10,211
5,211
5,211
5,211
16,212
15,212
13,212
11,212
10,212
9,212
8,212
7,212
6,212
5,212
15,213
15,213
13,213
12,213
10,213
8,213
8,213
7,213
6,213
6,213
10,214
10,214
10,214
10,214
10,214
10,214
10,214
10,214
10,214
10,214
10,215
10,215
10,215
10,215
10,215
10,215
10,215
10,215
10,215
10,215
10,216
10,216
10,216
10,216
10,216
10,216
10,216
10,216
10,216
10,216
15,217
15,217
15,217
15,217
10,217
10,217
5,217
5,217
5,217
5,217
30,218
15,218
10,218
10,218
10,218
5,218
5,218
5,218
5,218
5,218
15,219
14,219
13,219
12,219
11,219
9,219
8,219
7,219
6,219
5,219
17,220
14,220
13,220
11,220
10,220
9,220
8,220
7,220
6,220
5,220
19,221
16,221
11,221
10,221
8,221
8,221
7,221
7,221
7,221
7,221
10,222
10,222
10,222
10,222
10,222
10,222
10,222
10,222
10,222
10,222
10,223
10,223
10,223
10,223
10,223
10,223
10,223
10,223
10,223
10,223
20,224
20,224
15,224
15,224
5,224
5,224
5,224
5,224
5,224
5,224
20,225
20,225
10,225
10,225
10,225
10,225
5,225
5,225
5,225
5,225
20,226
13,226
12,226
10,226
10,226
10,226
10,226
5,226
5,226
5,226
20,227
15,227
15,227
10,227
10,227
10,227
5,227
5,227
5,227
5,227
20,228
20,228
15,228
15,228
5,228
5,228
5,228
5,228
5,228
5,228
15,229
14,229
13,229
12,229
11,229
9,229
8,229
7,229
6,229
5,229
15,230
14,230
13,230
12,230
11,230
9,230
8,230
7,230
6,230
5,230
20,231
20,231
10,231
10,231
10,231
10,231
5,231
5,231
5,231
5,231
20,232
20,232
15,232
15,232
5,232
5,232
5,232
5,232
5,232
5,232
15,233
14,233
13,233
12,233
11,233
9,233
8,233
7,233
6,233
5,233
20,234
15,234
15,234
10,234
10,234
10,234
5,234
5,234
5,234
5,234
15,235
15,235
15,235
15,235
10,235
10,235
5,235
5,235
5,235
5,235
18,236
18,236
13,236
13,236
9,236
9,236
5,236
5,236
20,237
20,237
10,237
10,237
10,237
10,237
5,237
5,237
5,237
5,237
10,238
10,238
10,238
10,238
10,238
10,238
10,238
10,238
10,238
10,238
10,239
10,239
10,239
10,239
10,239
10,239
10,239
10,239
10,239
10,239
10,240
10,240
10,240
10,240
10,240
10,240
10,240
10,240
10,240
10,240
10,241
10,241
10,241
10,241
10,241
10,241
10,241
10,241
10,241
10,241
10,242
10,242
10,242
10,242
10,242
10,242
10,242
10,242
10,242
10,242
16,243
15,243
14,243
10,243
10,243
9,243
8,243
7,243
6,243
5,243
20,244
10,244
10,244
10,244
10,244
10,244
10,244
10,244
5,244
5,244
25,245
10,245
10,245
10,245
10,245
10,245
10,245
5,245
5,245
5,245
15,246
14,246
13,246
12,246
11,246
9,246
8,246
7,246
6,246
5,246
30,247
12,247
11,247
8,247
8,247
7,247
7,247
7,247
5,247
5,247
10,248
10,248
10,248
10,248
10,248
10,248
10,248
10,248
10,248
10,248
25,249
10,249
10,249
10,249
10,249
10,249
10,249
5,249
5,249
5,249
14,250
13,250
13,250
11,250
11,250
9,250
8,250
8,250
7,250
6,250
30,251
20,251
10,251
6,251
6,251
6,251
6,251
6,251
5,251
5,251
11,252
11,252
11,252
10,252
10,252
10,252
10,252
9,252
9,252
9,252
30,253
20,253
10,253
10,253
5,253
5,253
5,253
5,253
5,253
5,253
10,254
10,254
10,254
10,254
10,254
10,254
10,254
10,254
10,254
10,254
15,255
15,255
10,255
10,255
10,255
10,255
10,255
10,255
23,256
13,256
12,256
12,256
8,256
7,256
7,256
7,256
6,256
5,256
20,257
20,257
10,257
10,257
10,257
10,257
5,257
5,257
5,257
5,257
25,258
20,258
15,258
10,258
5,258
30,259
15,259
15,259
10,259
5,259
5,259
5,259
5,259
5,259
5,259
20,260
20,260
15,260
10,260
10,260
5,260
5,260
5,260
5,260
5,260
20,261
15,261
12,261
10,261
10,261
8,261
7,261
7,261
6,261
5,261
12,262
12,262
12,262
11,262
10,262
10,262
9,262
9,262
8,262
7,262
10,263
10,263
10,263
10,263
10,263
10,263
10,263
10,263
10,263
10,263
15,264
15,264
10,264
10,264
10,264
10,264
10,264
10,264
5,264
5,264
10,265
10,265
10,265
10,265
10,265
10,265
10,265
10,265
10,265
10,265
14,266
14,266
11,266
10,266
9,266
9,266
9,266
9,266
9,266
6,266
14,267
13,267
12,267
11,267
10,267
9,267
8,267
8,267
8,267
7,267
19,268
13,268
12,268
11,268
10,268
9,268
8,268
7,268
6,268
5,268
15,269
15,269
10,269
10,269
10,269
10,269
10,269
10,269
5,269
5,269
20,270
20,270
10,270
10,270
10,270
10,270
5,270
5,270
5,270
5,270
20,271
10,271
10,271
10,271
10,271
10,271
10,271
10,271
5,271
5,271
10,272
10,272
10,272
10,272
10,272
10,272
10,272
10,272
10,272
10,272
10,273
10,273
10,273
10,273
10,273
10,273
10,273
10,273
10,273
10,273
15,274
13,274
11,274
11,274
11,274
10,274
10,274
7,274
7,274
5,274
14,275
13,275
12,275
11,275
10,275
9,275
8,275
8,275
8,275
7,275
20,276
20,276
15,276
15,276
5,276
5,276
5,276
5,276
5,276
5,276
10,277
10,277
10,277
10,277
10,277
10,277
10,277
10,277
10,277
10,277
20,278
15,278
10,278
10,278
10,278
10,278
10,278
5,278
5,278
5,278
10,279
10,279
10,279
10,279
10,279
10,279
10,279
10,279
10,279
10,279
10,280
10,280
10,280
10,280
10,280
10,280
10,280
10,280
10,280
10,280
15,281
10,281
10,281
10,281
10,281
10,281
10,281
10,281
10,281
10,282
10,282
10,282
10,282
10,282
10,282
10,282
10,282
10,282
10,282
10,283
10,283
10,283
10,283
10,283
10,283
10,283
10,283
10,283
10,283
10,284
10,284
10,284
10,284
10,284
10,284
10,284
10,284
10,284
10,284
15,285
13,285
12,285
11,285
11,285
9,285
8,285
8,285
7,285
6,285
15,286
15,286
10,286
10,286
10,286
10,286
10,286
10,286
5,286
5,286
15,287
14,287
13,287
12,287
11,287
9,287
8,287
7,287
6,287
5,287
20,288
20,288
10,288
10,288
10,288
10,288
5,288
5,288
5,288
5,288
10,289
10,289
10,289
10,289
10,289
10,289
10,289
10,289
10,289
10,289
10,290
10,290
10,290
10,290
10,290
10,290
10,290
10,290
10,290
10,290
10,291
10,291
10,291
10,291
10,291
10,291
10,291
10,291
10,291
10,291
20,292
16,292
12,292
11,292
10,292
10,292
6,292
5,292
5,292
5,292
30,293
17,293
16,293
6,293
6,293
5,293
5,293
5,293
5,293
5,293
15,294
14,294
13,294
11,294
10,294
9,294
8,294
7,294
7,294
6,294
20,295
15,295
10,295
10,295
10,295
10,295
10,295
5,295
5,295
5,295
10,296
10,296
10,296
10,296
10,296
10,296
10,296
10,296
10,296
10,296
16,297
14,297
13,297
12,297
10,297
9,297
8,297
7,297
6,297
5,297
19,298
13,298
12,298
11,298
10,298
9,298
8,298
7,298
6,298
5,298
10,299
10,299
10,299
10,299
10,299
10,299
10,299
10,299
10,299
10,299
10,300
10,300
10,300
10,300
10,300
10,300
10,300
10,300
10,300
10,300
15,301
13,301
12,301
10,301
10,301
10,301
9,301
8,301
7,301
6,301
10,302
10,302
10,302
10,302
10,302
10,302
10,302
10,302
10,302
10,302
25,303
25,303
15,303
5,303
5,303
5,303
5,303
5,303
5,303
5,303
20,304
15,304
15,304
10,304
10,304
10,304
5,304
5,304
5,304
5,304
14,305
13,305
12,305
12,305
11,305
9,305
8,305
8,305
7,305
6,305
10,306
10,306
10,306
10,306
10,306
10,306
10,306
10,306
10,306
10,306
30,307
30,307
5,307
5,307
5,307
5,307
5,307
5,307
5,307
5,307
10,308
10,308
10,308
10,308
10,308
10,308
10,308
10,308
10,308
10,308
10,309
10,309
10,309
10,309
10,309
10,309
10,309
10,309
10,309
10,309
10,310
10,310
10,310
10,310
10,310
10,310
10,310
10,310
10,310
10,310
20,311
15,311
15,311
15,311
10,311
5,311
5,311
5,311
5,311
5,311
26,312
24,312
15,312
5,312
5,312
5,312
5,312
5,312
5,312
5,312
15,313
15,313
14,313
11,313
10,313
9,313
8,313
7,313
6,313
5,313
10,314
10,314
10,314
10,314
10,314
10,314
10,314
10,314
10,314
10,314
15,315
15,315
10,315
10,315
10,315
10,315
10,315
10,315
5,315
5,315
12,316
11,316
10,316
10,316
10,316
10,316
10,316
10,316
9,316
8,316
14,317
14,317
12,317
11,317
11,317
10,317
10,317
7,317
6,317
5,317
10,318
10,318
10,318
10,318
10,318
10,318
10,318
10,318
10,318
10,318
10,319
10,319
10,319
10,319
10,319
10,319
10,319
10,319
10,319
10,319
20,320
13,320
12,320
11,320
9,320
9,320
8,320
7,320
6,320
5,320
15,321
14,321
13,321
12,321
11,321
9,321
8,321
7,321
6,321
5,321
14,322
13,322
12,322
11,322
10,322
10,322
9,322
8,322
7,322
6,322
10,323
10,323
10,323
10,323
10,323
10,323
10,323
10,323
10,323
10,323
10,324
10,324
10,324
10,324
10,324
10,324
10,324
10,324
10,324
10,324
10,325
10,325
10,325
10,325
10,325
10,325
10,325
10,325
10,325
10,325
15,326
15,326
10,326
10,326
10,326
10,326
10,326
10,326
5,326
5,326
12,327
12,327
10,327
10,327
10,327
10,327
10,327
10,327
8,327
8,327
20,328
15,328
15,328
10,328
10,328
10,328
5,328
5,328
5,328
5,328
12,329
12,329
10,329
10,329
10,329
10,329
10,329
10,329
8,329
8,329
30,330
16,330
12,330
10,330
6,330
6,330
5,330
5,330
5,330
5,330
19,331
9,331
9,331
9,331
9,331
9,331
9,331
9,331
9,331
9,331
25,332
20,332
15,332
10,332
5,332
5,332
5,332
5,332
5,332
5,332
18,333
18,333
12,333
12,333
10,333
10,333
5,333
5,333
5,333
5,333
15,334
15,334
13,334
12,334
10,334
9,334
8,334
7,334
6,334
5,334
19,335
19,335
12,335
10,335
9,335
7,335
7,335
7,335
5,335
5,335
10,336
10,336
10,336
10,336
10,336
10,336
10,336
10,336
10,336
10,336
10,337
10,337
10,337
10,337
10,337
10,337
10,337
10,337
10,337
10,337
10,338
10,338
10,338
10,338
10,338
10,338
10,338
10,338
10,338
10,338
15,339
15,339
10,339
10,339
10,339
10,339
10,339
10,339
5,339
5,339
10,340
10,340
10,340
10,340
10,340
10,340
10,340
10,340
10,340
10,340
10,341
10,341
10,341
10,341
10,341
10,341
10,341
10,341
10,341
10,341
15,342
15,342
15,342
15,342
10,342
10,342
5,342
5,342
10,343
10,343
10,343
10,343
10,343
10,343
10,343
10,343
10,343
10,343
19,344
17,344
12,344
12,344
10,344
10,344
5,344
5,344
5,344
5,344
20,345
20,345
15,345
15,345
5,345
5,345
10,346
10,346
10,346
10,346
10,346
10,346
10,346
10,346
10,346
10,346
15,347
10,347
10,347
10,347
10,347
10,347
10,347
10,347
10,347
5,347
10,348
10,348
10,348
10,348
10,348
10,348
10,348
10,348
10,348
10,348
15,349
15,349
10,349
10,349
10,349
10,349
10,349
10,349
10,350
10,350
10,350
10,350
10,350
10,350
10,350
10,350
10,350
10,350
10,351
10,351
10,351
10,351
10,351
10,351
10,351
10,351
10,351
10,351
10,352
10,352
10,352
10,352
10,352
10,352
10,352
10,352
10,352
10,352
15,353
13,353
12,353
10,353
10,353
10,353
10,353
10,353
5,353
5,353
14,354
13,354
12,354
11,354
10,354
10,354
9,354
8,354
7,354
6,354
30,355
30,355
5,355
5,355
5,355
5,355
5,355
5,355
5,355
5,355
15,356
15,356
13,356
12,356
11,356
10,356
9,356
5,356
5,356
5,356
20,357
18,357
17,357
15,357
5,357
5,357
5,357
5,357
5,357
5,357
10,358
10,358
10,358
10,358
10,358
10,358
10,358
10,358
10,358
10,358
30,359
23,359
10,359
6,359
6,359
5,359
5,359
5,359
5,359
5,359
10,360
10,360
10,360
10,360
10,360
10,360
10,360
10,360
10,360
10,360
15,361
15,361
13,361
11,361
11,361
10,361
8,361
6,361
6,361
5,361
15,362
15,362
13,362
11,362
10,362
9,362
8,362
7,362
7,362
5,362
10,363
10,363
10,363
10,363
10,363
10,363
10,363
10,363
10,363
10,363
27,364
9,364
9,364
9,364
8,364
8,364
8,364
8,364
8,364
6,364
10,365
10,365
10,365
10,365
10,365
10,365
10,365
10,365
10,365
10,365
10,366
10,366
10,366
10,366
10,366
10,366
10,366
10,366
10,366
10,366
10,367
10,367
10,367
10,367
10,367
10,367
10,367
10,367
10,367
10,367
15,368
10,368
10,368
10,368
10,368
9,368
9,368
9,368
9,368
9,368
15,369
15,369
15,369
15,369
10,369
10,369
5,369
5,369
5,369
5,369
15,370
12,370
10,370
10,370
10,370
10,370
10,370
10,370
8,370
5,370
20,371
20,371
15,371
10,371
10,371
5,371
5,371
5,371
5,371
5,371
15,372
14,372
13,372
12,372
11,372
9,372
8,372
7,372
6,372
5,372
30,373
30,373
5,373
5,373
5,373
5,373
5,373
5,373
5,373
5,373
10,374
10,374
10,374
10,374
10,374
10,374
10,374
10,374
10,374
10,374
30,375
20,375
15,375
5,375
5,375
30,376
10,376
10,376
10,376
10,376
10,376
5,376
5,376
5,376
5,376
10,377
10,377
10,377
10,377
10,377
10,377
10,377
10,377
10,377
10,377
15,378
14,378
13,378
12,378
11,378
9,378
8,378
7,378
6,378
5,378
10,379
10,379
10,379
10,379
10,379
10,379
10,379
10,379
10,379
10,379
16,380
16,380
12,380
10,380
10,380
10,380
8,380
7,380
6,380
5,380
15,381
14,381
13,381
12,381
11,381
9,381
8,381
7,381
6,381
5,381
30,382
20,382
10,382
10,382
5,382
5,382
5,382
5,382
5,382
5,382
10,383
10,383
10,383
10,383
10,383
10,383
10,383
10,383
10,383
10,383
20,384
15,384
15,384
10,384
10,384
6,384
6,384
6,384
6,384
6,384
25,385
15,385
10,385
10,385
10,385
10,385
5,385
5,385
5,385
5,385
15,386
12,386
11,386
11,386
10,386
10,386
9,386
9,386
8,386
5,386
10,387
10,387
10,387
10,387
10,387
10,387
10,387
10,387
10,387
10,387
15,388
12,388
10,388
10,388
10,388
10,388
9,388
8,388
8,388
8,388
20,389
12,389
11,389
9,389
8,389
8,389
8,389
8,389
8,389
8,389
25,390
15,390
10,390
10,390
10,390
10,390
5,390
5,390
5,390
5,390
10,391
10,391
10,391
10,391
10,391
10,391
10,391
10,391
10,391
10,391
25,392
20,392
15,392
10,392
5,392
5,392
5,392
5,392
5,392
5,392
10,393
10,393
10,393
10,393
10,393
10,393
10,393
10,393
10,393
10,393
30,394
20,394
10,394
10,394
5,394
5,394
5,394
5,394
5,394
5,394
10,395
10,395
10,395
10,395
10,395
10,395
10,395
10,395
10,395
10,395
12,396
12,396
12,396
10,396
10,396
10,396
10,396
8,396
8,396
8,396
30,397
25,397
10,397
5,397
5,397
5,397
5,397
5,397
5,397
5,397
25,398
20,398
15,398
10,398
5,398
5,398
5,398
5,398
5,398
5,398
21,399
20,399
15,399
10,399
9,399
5,399
5,399
5,399
5,399
5,399
19,400
15,400
13,400
11,400
9,400
8,400
8,400
7,400
5,400
5,400
15,401
14,401
13,401
12,401
11,401
9,401
8,401
7,401
6,401
5,401
10,402
10,402
10,402
10,402
10,402
10,402
10,402
10,402
10,402
10,402
15,403
13,403
12,403
12,403
11,403
10,403
9,403
8,403
5,403
5,403
13,404
12,404
11,404
10,404
10,404
10,404
9,404
9,404
8,404
8,404
15,405
15,405
15,405
10,405
10,405
10,405
10,405
5,405
5,405
5,405
30,406
10,406
10,406
10,406
10,406
10,406
5,406
5,406
5,406
5,406
15,407
14,407
13,407
12,407
11,407
9,407
8,407
7,407
6,407
5,407
15,408
14,408
13,408
12,408
11,408
9,408
8,408
7,408
6,408
5,408
20,409
15,409
15,409
10,409
10,409
10,409
5,409
5,409
5,409
5,409
22,410
12,410
12,410
12,410
9,410
9,410
7,410
7,410
5,410
5,410
13,411
12,411
11,411
11,411
10,411
10,411
9,411
8,411
8,411
8,411
20,412
15,412
15,412
10,412
10,412
10,412
5,412
5,412
5,412
5,412
10,413
10,413
10,413
10,413
10,413
10,413
10,413
10,413
10,413
10,413
15,414
14,414
13,414
12,414
11,414
9,414
8,414
7,414
6,414
5,414
10,415
10,415
10,415
10,415
10,415
10,415
10,415
10,415
10,415
10,415
15,416
15,416
15,416
15,416
10,416
10,416
5,416
5,416
5,416
5,416
10,417
10,417
10,417
10,417
10,417
10,417
10,417
10,417
10,417
10,417
30,418
15,418
10,418
10,418
10,418
5,418
5,418
5,418
5,418
5,418
25,419
13,419
13,419
7,419
7,419
7,419
7,419
7,419
7,419
7,419
10,420
10,420
10,420
10,420
10,420
10,420
10,420
10,420
10,420
10,420
15,421
15,421
15,421
15,421
15,421
5,421
5,421
5,421
5,421
5,421
20,422
20,422
15,422
10,422
10,422
5,422
5,422
5,422
5,422
5,422
25,423
20,423
15,423
10,423
5,423
5,423
5,423
5,423
5,423
5,423
10,424
10,424
10,424
10,424
10,424
10,424
10,424
10,424
10,424
10,424
15,425
15,425
15,425
10,425
10,425
10,425
10,425
5,425
5,425
5,425
10,426
10,426
10,426
10,426
10,426
10,426
10,426
10,426
10,426
10,426
30,427
15,427
15,427
10,427
5,427
5,427
5,427
5,427
5,427
5,427
17,428
16,428
13,428
12,428
10,428
9,428
8,428
5,428
5,428
5,428
15,429
15,429
15,429
15,429
15,429
10,430
10,430
10,430
10,430
10,430
10,430
10,430
10,430
10,430
10,430
18,431
16,431
14,431
12,431
10,431
8,431
7,431
5,431
5,431
5,431
10,432
10,432
10,432
10,432
10,432
10,432
10,432
10,432
10,432
10,432
17,433
15,433
12,433
11,433
10,433
9,433
8,433
7,433
6,433
5,433
10,434
10,434
10,434
10,434
10,434
10,434
10,434
10,434
10,434
10,434
14,435
14,435
14,435
11,435
11,435
9,435
9,435
8,435
5,435
5,435
10,436
10,436
10,436
10,436
10,436
10,436
10,436
10,436
10,436
10,436
10,437
10,437
10,437
10,437
10,437
10,437
10,437
10,437
10,437
10,437
25,438
15,438
15,438
15,438
5,438
5,438
5,438
5,438
5,438
5,438
10,439
10,439
10,439
10,439
10,439
10,439
10,439
10,439
10,439
10,439
10,440
10,440
10,440
10,440
10,440
10,440
10,440
10,440
10,440
10,440
18,441
15,441
13,441
11,441
10,441
9,441
8,441
6,441
5,441
5,441
10,442
10,442
10,442
10,442
10,442
10,442
10,442
10,442
10,442
10,442
15,443
10,443
10,443
10,443
10,443
10,443
10,443
10,443
10,443
5,443
23,444
23,444
12,444
10,444
6,444
6,444
5,444
5,444
5,444
5,444
20,445
20,445
20,445
10,445
5,445
5,445
5,445
5,445
5,445
5,445
10,446
10,446
10,446
10,446
10,446
10,446
10,446
10,446
10,446
10,446
10,447
10,447
10,447
10,447
10,447
10,447
10,447
10,447
10,447
10,447
20,448
20,448
20,448
10,448
5,448
5,448
5,448
5,448
5,448
5,448
15,449
14,449
13,449
12,449
11,449
7,449
7,449
7,449
7,449
7,449
30,450
14,450
13,450
13,450
5,450
5,450
5,450
5,450
5,450
5,450
10,451
10,451
10,451
10,451
10,451
10,451
10,451
10,451
10,451
10,451
19,452
9,452
9,452
9,452
9,452
9,452
9,452
9,452
9,452
9,452
15,453
13,453
12,453
12,453
11,453
9,453
8,453
8,453
7,453
5,453
15,454
15,454
15,454
10,454
10,454
10,454
10,454
5,454
5,454
5,454
12,455
11,455
11,455
11,455
10,455
10,455
9,455
9,455
9,455
8,455
20,456
15,456
15,456
15,456
10,456
5,456
5,456
5,456
5,456
5,456
10,457
10,457
10,457
10,457
10,457
10,457
10,457
10,457
10,457
10,457
10,458
10,458
10,458
10,458
10,458
10,458
10,458
10,458
10,458
10,458
10,459
10,459
10,459
10,459
10,459
10,459
10,459
10,459
10,459
10,459
30,460
10,460
10,460
10,460
10,460
10,460
5,460
5,460
5,460
5,460
10,461
10,461
10,461
10,461
10,461
10,461
10,461
10,461
10,461
10,461
20,462
15,462
15,462
12,462
10,462
8,462
5,462
5,462
5,462
5,462
30,463
10,463
10,463
10,463
10,463
10,463
5,463
5,463
5,463
5,463
10,464
10,464
10,464
10,464
10,464
10,464
10,464
10,464
10,464
10,464
15,465
14,465
13,465
12,465
11,465
9,465
8,465
7,465
6,465
5,465
30,466
20,466
10,466
10,466
5,466
5,466
5,466
5,466
5,466
5,466
10,467
10,467
10,467
10,467
10,467
10,467
10,467
10,467
10,467
10,467
30,468
10,468
10,468
10,468
10,468
10,468
5,468
5,468
5,468
5,468
18,469
18,469
12,469
12,469
8,469
8,469
6,469
6,469
6,469
6,469
10,470
10,470
10,470
10,470
10,470
10,470
10,470
10,470
10,470
10,470
20,471
15,471
15,471
10,471
10,471
10,471
5,471
5,471
5,471
5,471
20,472
15,472
15,472
10,472
10,472
10,472
5,472
5,472
5,472
5,472
10,473
10,473
10,473
10,473
10,473
10,473
10,473
10,473
10,473
10,473
10,474
10,474
10,474
10,474
10,474
10,474
10,474
10,474
10,474
10,474
20,475
10,475
10,475
10,475
10,475
10,475
10,475
10,475
5,475
5,475
17,476
12,476
12,476
12,476
12,476
7,476
7,476
7,476
7,476
7,476
14,477
13,477
12,477
11,477
10,477
10,477
9,477
8,477
7,477
6,477
15,478
15,478
15,478
10,478
10,478
10,478
10,478
5,478
5,478
5,478
15,479
15,479
15,479
15,479
15,479
10,480
10,480
10,480
10,480
10,480
10,480
10,480
10,480
10,480
10,480
10,481
10,481
10,481
10,481
10,481
10,481
10,481
10,481
10,481
10,481
10,482
10,482
10,482
10,482
10,482
10,482
10,482
10,482
10,482
10,482
15,483
15,483
15,483
15,483
15,483
5,483
5,483
5,483
5,483
5,483
10,484
10,484
10,484
10,484
10,484
10,484
10,484
10,484
10,484
10,484
20,485
16,485
12,485
11,485
10,485
8,485
7,485
6,485
5,485
5,485
25,486
20,486
10,486
9,486
8,486
7,486
6,486
5,486
5,486
5,486
20,487
10,487
10,487
10,487
10,487
10,487
10,487
10,487
5,487
5,487
10,488
10,488
10,488
10,488
10,488
10,488
10,488
10,488
10,488
10,488
10,489
10,489
10,489
10,489
10,489
10,489
10,489
10,489
10,489
10,489
20,490
20,490
10,490
10,490
10,490
10,490
5,490
5,490
5,490
5,490
19,491
17,491
13,491
10,491
8,491
7,491
7,491
7,491
6,491
6,491
15,492
10,492
10,492
10,492
10,492
10,492
10,492
10,492
10,492
5,492
10,493
10,493
10,493
10,493
10,493
10,493
10,493
10,493
10,493
10,493
25,494
15,494
10,494
10,494
10,494
10,494
5,494
5,494
5,494
5,494
20,495
10,495
10,495
10,495
10,495
10,495
10,495
10,495
5,495
5,495
12,496
12,496
12,496
11,496
11,496
11,496
11,496
7,496
7,496
6,496
30,497
15,497
10,497
10,497
10,497
5,497
5,497
5,497
5,497
5,497
10,498
10,498
10,498
10,498
10,498
10,498
10,498
10,498
10,498
10,498
10,499
10,499
10,499
10,499
10,499
10,499
10,499
10,499
10,499
10,499
15,500
14,500
14,500
10,500
10,500
9,500
8,500
7,500
7,500
6,500
20,501
20,501
10,501
10,501
10,501
10,501
5,501
5,501
5,501
5,501
10,502
10,502
10,502
10,502
10,502
10,502
10,502
10,502
10,502
10,502
15,503
15,503
10,503
10,503
10,503
8,503
8,503
8,503
8,503
8,503
15,504
15,504
15,504
10,504
10,504
10,504
10,504
5,504
5,504
5,504
10,505
10,505
10,505
10,505
10,505
10,505
10,505
10,505
10,505
10,505
30,506
15,506
10,506
10,506
10,506
5,506
5,506
5,506
5,506
5,506
14,507
12,507
12,507
11,507
10,507
10,507
9,507
8,507
8,507
6,507
10,508
10,508
10,508
10,508
10,508
10,508
10,508
10,508
10,508
10,508
10,509
10,509
10,509
10,509
10,509
10,509
10,509
10,509
10,509
10,509
17,510
15,510
14,510
12,510
10,510
8,510
7,510
6,510
6,510
5,510
20,511
15,511
13,511
12,511
10,511
8,511
7,511
5,511
5,511
5,511
10,512
10,512
10,512
10,512
10,512
10,512
10,512
10,512
10,512
10,512
20,513
15,513
10,513
10,513
10,513
10,513
10,513
5,513
5,513
5,513
15,514
15,514
14,514
13,514
12,514
8,514
7,514
6,514
5,514
5,514
20,515
20,515
20,515
10,515
5,515
5,515
5,515
5,515
5,515
5,515
10,516
10,516
10,516
10,516
10,516
10,516
10,516
10,516
10,516
10,516
10,517
10,517
10,517
10,517
10,517
10,517
10,517
10,517
10,517
10,517
15,518
14,518
13,518
12,518
11,518
9,518
8,518
7,518
6,518
5,518
15,519
14,519
13,519
12,519
11,519
9,519
8,519
7,519
6,519
5,519
10,520
10,520
10,520
10,520
10,520
10,520
10,520
10,520
10,520
10,520
10,521
10,521
10,521
10,521
10,521
10,521
10,521
10,521
10,521
10,521
10,522
10,522
10,522
10,522
10,522
10,522
10,522
10,522
10,522
10,522
20,523
15,523
15,523
10,523
10,523
10,523
5,523
5,523
5,523
5,523
10,524
10,524
10,524
10,524
10,524
10,524
10,524
10,524
10,524
10,524
20,525
20,525
10,525
10,525
10,525
10,525
5,525
5,525
5,525
5,525
30,526
8,526
8,526
8,526
8,526
8,526
8,526
8,526
7,526
7,526
15,527
15,527
15,527
10,527
10,527
10,527
7,527
7,527
6,527
5,527
20,528
15,528
15,528
9,528
8,528
8,528
7,528
7,528
6,528
5,528
10,529
10,529
10,529
10,529
10,529
10,529
10,529
10,529
10,529
10,529
30,530
15,530
15,530
10,530
5,530
5,530
5,530
5,530
5,530
5,530
10,531
10,531
10,531
10,531
10,531
10,531
10,531
10,531
10,531
10,531
20,532
10,532
10,532
10,532
10,532
10,532
10,532
10,532
5,532
5,532
15,533
10,533
10,533
10,533
10,533
10,533
10,533
10,533
10,533
5,533
30,534
10,534
10,534
10,534
10,534
10,534
5,534
5,534
5,534
5,534
10,535
10,535
10,535
10,535
10,535
10,535
10,535
10,535
10,535
10,535
20,536
15,536
10,536
10,536
10,536
10,536
10,536
5,536
5,536
5,536
20,537
20,537
8,537
8,537
8,537
8,537
7,537
7,537
7,537
7,537
30,538
10,538
10,538
10,538
10,538
10,538
5,538
5,538
5,538
5,538
10,539
10,539
10,539
10,539
10,539
10,539
10,539
10,539
10,539
10,539
15,540
15,540
15,540
15,540
10,540
8,540
7,540
5,540
5,540
5,540
25,541
20,541
13,541
9,541
7,541
6,541
5,541
5,541
5,541
5,541
10,542
10,542
10,542
10,542
10,542
10,542
10,542
10,542
10,542
10,542
15,543
13,543
12,543
11,543
9,543
8,543
7,543
6,543
5,543
25,544
10,544
10,544
10,544
10,544
9,544
8,544
7,544
6,544
5,544
10,545
10,545
10,545
10,545
10,545
10,545
10,545
10,545
10,545
10,545
10,546
10,546
10,546
10,546
10,546
10,546
10,546
10,546
10,546
10,546
21,547
15,547
8,547
8,547
8,547
8,547
8,547
8,547
8,547
8,547
